{
    "orderID": "ORD1",
    "creationDateTime": "2024-07-24T15:43:04",
    "lastModifiedDateTime": "2024-07-24T15:43:04",
    "internalVersionNumber": 1,
    "orderVersionNumber": 1,
    "statusCode": "CANCELLED",
    "paxGroup": {
        "contactInfo": [],
        "paxGroupId": "",
        "paxGroupName": "",
        "intendedPaxQty": ""
    },
    "webAddressURI": "",
    "warning": [],
    "dataLists": {
        "contactInfoList": {
            "contactInfo": {
                "contactInfoID": "CON34",
                "contactPurposeText": 8,
                "emailAddress": {
                    "contactTypeText": "PRO",
                    "emailAddressText": "hopkinschristine@example.net"
                },
                "phone": [
                    {
                        "contactTypeText": "PRO",
                        "phoneNumber": "001-417-841-1793x276"
                    },
                    {
                        "contactTypeText": "PER",
                        "phoneNumber": "9396132397"
                    }
                ]
            }
        },
        "datedMarketingSegmentList": {
            "datedMarketingSegment": [
                {
                    "arrival": {
                        "aircraftScheduledDateTime": "2025-05-18T17:49:03",
                        "iata_LocationCode": "DEN"
                    },
                    "carrierDesigCode": "Il",
                    "datedMarketingSegmentId": "DMSEG6",
                    "datedOperatingSegmentRefId": "DOSEG4",
                    "dep": {
                        "aircraftScheduledDateTime": "2025-02-20T23:37:54",
                        "IATA_LocationCode": "HND"
                    },
                    "marketingCarrierFlightNumberText": 948
                },
                {
                    "arrival": {
                        "aircraftScheduledDateTime": "2025-02-23T10:26:47",
                        "iata_LocationCode": "DFW"
                    },
                    "carrierDesigCode": "NQ",
                    "datedMarketingSegmentId": "DMSEG2",
                    "datedOperatingSegmentRefId": "DOSEG8",
                    "dep": {
                        "aircraftScheduledDateTime": "2025-04-03T14:38:06",
                        "IATA_LocationCode": "DFW"
                    },
                    "marketingCarrierFlightNumberText": 978
                }
            ]
        },
        "paxList": {
            "pax": [
                {
                    "contactInfoRefID": "CON4",
                    "individual": {
                        "birthdate": "1930-10-11",
                        "genderCode": "F",
                        "givenName": "Michael",
                        "surname": "Smith",
                        "titleName": "Mx."
                    },
                    "paxID": "PAX1",
                    "PTC": "ADT",
                    "residenceCountryCode": "MV"
                },
                {
                    "contactInfoRefID": "CON4",
                    "individual": {
                        "birthdate": "1994-03-09",
                        "genderCode": "F",
                        "givenName": "Allen",
                        "surname": "Cooper",
                        "titleName": "Mr."
                    },
                    "paxID": "PAX2",
                    "PTC": "ADT",
                    "residenceCountryCode": "MW"
                }
            ]
        },
        "paxSegmentList": {
            "paxSegment": [
                {
                    "cabinTypeAssociationChoice": {
                        "segmentCabinType": {
                            "cabinTypeCode": 5,
                            "cabinTypeName": "Economy"
                        }
                    },
                    "datedMarketingSegmentRefId": "DMSEG6",
                    "paxSegmentID": "SEG7"
                },
                {
                    "cabinTypeAssociationChoice": {
                        "segmentCabinType": {
                            "cabinTypeCode": 5,
                            "cabinTypeName": "Economy"
                        }
                    },
                    "datedMarketingSegmentRefId": "DMSEG2",
                    "paxSegmentID": "SEG3"
                }
            ]
        },
        "serviceDefinitionList": {
            "serviceDefinition": [
                {
                    "airlineTaxonomy": [],
                    "bilateralTimeLimit": [],
                    "desc": [
                        {
                            "descText": "Bistro Meal"
                        },
                        {
                            "descText": "Bistro Meal"
                        },
                        {
                            "descText": "Bistro Meal"
                        },
                        {
                            "url": "https://www.easyjet.com/ejcms/cache/medialibrary/Images/kahuna-desktop-tablet/EN/landingpage/inflight/bistro-boutique/bistro-meal-deal.jpg"
                        }
                    ],
                    "name": "Bistro Meal",
                    "ownerCode": "XX",
                    "rfisc": "MEAL",
                    "serviceCode": "MEAL",
                    "serviceDefinitionID": "SVD92"
                },
                {
                    "airlineTaxonomy": [],
                    "bilateralTimeLimit": [],
                    "desc": [
                        {
                            "descText": "Bistro Meal"
                        },
                        {
                            "descText": "Bistro Meal"
                        },
                        {
                            "descText": "Bistro Meal"
                        },
                        {
                            "url": "https://www.easyjet.com/ejcms/cache/medialibrary/Images/kahuna-desktop-tablet/EN/landingpage/inflight/bistro-boutique/bistro-meal-deal.jpg"
                        }
                    ],
                    "name": "Bistro Meal",
                    "ownerCode": "XX",
                    "rfisc": "MEAL",
                    "serviceCode": "MEAL",
                    "serviceDefinitionID": "SVD96"
                },
                {
                    "airlineTaxonomy": [],
                    "bilateralTimeLimit": [],
                    "desc": [
                        {
                            "descText": "CBBG"
                        }
                    ],
                    "name": "CBBG",
                    "ownerCode": "XX",
                    "rfisc": "XBAG",
                    "serviceCode": "CBBG",
                    "serviceDefinitionID": "SVD84"
                }
            ]
        }
    },
    "orderItem": [
        {
            "orderItemID": "OINjH98TJ63",
            "statusCode": "OK",
            "airlineTaxonomy": [],
            "bilateralTimeLimit": [],
            "cancelRestrictions": [],
            "changeRestrictions": [],
            "commission": [],
            "disclosureRefID": [],
            "fareDetail": [
                {
                    "fareComponent": [
                        {
                            "cabinType": {
                                "cabinTypeCode": "ECONOMY",
                                "cabinTypeName": "ECONOMY"
                            },
                            "cancelRestrictions": [],
                            "changeRestrictions": [],
                            "fareBasisCode": "TUP",
                            "fareRule": [],
                            "paxSegmentRefID": [
                                "SEG7"
                            ],
                            "priceClassRefID": "PC9"
                        }
                    ],
                    "farePriceType": [
                        {
                            "farePriceTypeCode": "GROSS",
                            "price": {
                                "baseAmount": {
                                    "value": "304.71",
                                    "curCode": "USD"
                                },
                                "curConversion": [],
                                "fee": [],
                                "markup": [],
                                "surcharge": [],
                                "taxSummary": [
                                    {
                                        "tax": [
                                            {
                                                "amount": {
                                                    "value": "50.98",
                                                    "curCode": "MOP"
                                                },
                                                "collectionPointTax": [],
                                                "descText": "KP:ID",
                                                "taxCode": "qxR"
                                            }
                                        ],
                                        "totalTaxAmount": {
                                            "value": "83.57",
                                            "curCode": "TRY"
                                        }
                                    }
                                ],
                                "totalAmount": {
                                    "value": "859.96",
                                    "curCode": "WST"
                                }
                            }
                        }
                    ],
                    "fareWaiver": [],
                    "paxRefID": [
                        "PAX1",
                        "PAX2"
                    ],
                    "penaltyRefID": []
                }
            ] 
        },
        {
            "orderItemID": "OINho01hB70",
            "statusCode": "OK",
            "airlineTaxonomy": [],
            "bilateralTimeLimit": [],
            "cancelRestrictions": [],
            "changeRestrictions": [],
            "commission": [],
            "disclosureRefID": [],
            "fareDetail": [
                {
                    "fareComponent": [
                        {
                            "cabinType": {
                                "cabinTypeCode": "ECONOMY",
                                "cabinTypeName": "ECONOMY"
                            },
                            "cancelRestrictions": [],
                            "changeRestrictions": [],
                            "fareBasisCode": "LeO",
                            "fareRule": [],
                            "paxSegmentRefID": [
                                "SEG3"
                            ],
                            "priceClassRefID": "PC3"
                        }
                    ],
                    "farePriceType": [
                        {
                            "farePriceTypeCode": "GROSS",
                            "price": {
                                "baseAmount": {
                                    "value": "961.32",
                                    "curCode": "GYD"
                                },
                                "curConversion": [],
                                "fee": [],
                                "markup": [],
                                "surcharge": [],
                                "taxSummary": [
                                    {
                                        "tax": [
                                            {
                                                "amount": {
                                                    "value": "23.58",
                                                    "curCode": "TJS"
                                                },
                                                "collectionPointTax": [],
                                                "descText": "MR:PY",
                                                "taxCode": "GuJ"
                                            }
                                        ],
                                        "totalTaxAmount": {
                                            "value": "33.49",
                                            "curCode": "USD"
                                        }
                                    }
                                ],
                                "totalAmount": {
                                    "value": "592.82",
                                    "curCode": "HKD"
                                }
                            }
                        }
                    ],
                    "fareWaiver": [],
                    "paxRefID": [
                        "PAX1",
                        "PAX2"
                    ],
                    "penaltyRefID": []
                }
            ]
        },
        {
            "orderItemID": "OINiZ62fc72",
            "statusCode": "OK",
            "airlineTaxonomy": [],
            "bilateralTimeLimit": [],
            "cancelRestrictions": [],
            "changeRestrictions": [],
            "commission": [],
            "disclosureRefID": [],
            "fareDetail": [
                {
                    "fareComponent": [
                        {
                            "cabinType": {
                                "cabinTypeCode": "ECONOMY",
                                "cabinTypeName": "ECONOMY"
                            },
                            "cancelRestrictions": [],
                            "changeRestrictions": [],
                            "fareBasisCode": "YqY",
                            "fareRule": [],
                            "paxSegmentRefID": [
                                "SEG3"
                            ],
                            "priceClassRefID": "PC8"
                        }
                    ],
                    "farePriceType": [
                        {
                            "farePriceTypeCode": "NET",
                            "price": {
                                "baseAmount": {
                                    "value": "973.54",
                                    "curCode": "LRD"
                                },
                                "curConversion": [],
                                "fee": [],
                                "markup": [],
                                "surcharge": [],
                                "taxSummary": [
                                    {
                                        "tax": [
                                            {
                                                "amount": {
                                                    "value": "63.92",
                                                    "curCode": "CDF"
                                                },
                                                "collectionPointTax": [],
                                                "descText": "AT:FR",
                                                "taxCode": "WiN"
                                            }
                                        ],
                                        "totalTaxAmount": {
                                            "value": "46.37",
                                            "curCode": "XDR"
                                        }
                                    }
                                ],
                                "totalAmount": {
                                    "value": "630.90",
                                    "curCode": "SVC"
                                }
                            }
                        }
                    ],
                    "fareWaiver": [],
                    "paxRefID": [
                        "PAX1",
                        "PAX2"
                    ],
                    "penaltyRefID": []
                }
            ]
        },
        {
            "orderItemID": "OINST98bH59",
            "statusCode": "OK",
            "airlineTaxonomy": [],
            "bilateralTimeLimit": [],
            "cancelRestrictions": [],
            "changeRestrictions": [],
            "commission": [],
            "disclosureRefID": [],
            "fareDetail": [
                {
                    "fareComponent": [
                        {
                            "cabinType": {
                                "cabinTypeCode": "ECONOMY",
                                "cabinTypeName": "ECONOMY"
                            },
                            "cancelRestrictions": [],
                            "changeRestrictions": [],
                            "fareBasisCode": "jqO",
                            "fareRule": [],
                            "paxSegmentRefID": [
                                "SEG3"
                            ],
                            "priceClassRefID": "PC2"
                        }
                    ],
                    "farePriceType": [
                        {
                            "farePriceTypeCode": "NET",
                            "price": {
                                "baseAmount": {
                                    "value": "776.71",
                                    "curCode": "ETB"
                                },
                                "curConversion": [],
                                "fee": [],
                                "markup": [],
                                "surcharge": [],
                                "taxSummary": [
                                    {
                                        "tax": [
                                            {
                                                "amount": {
                                                    "value": "27.17",
                                                    "curCode": "PEN"
                                                },
                                                "collectionPointTax": [],
                                                "descText": "RO:SM",
                                                "taxCode": "KcG"
                                            }
                                        ],
                                        "totalTaxAmount": {
                                            "value": "37.67",
                                            "curCode": "KYD"
                                        }
                                    }
                                ],
                                "totalAmount": {
                                    "value": "685.48",
                                    "curCode": "RWF"
                                }
                            }
                        }
                    ],
                    "fareWaiver": [],
                    "paxRefID": [
                        "PAX1",
                        "PAX2"
                    ],
                    "penaltyRefID": []
                }
            ]
        },
        {
            "orderItemID": "OINij55pv12",
            "statusCode": "OK",
            "airlineTaxonomy": [],
            "bilateralTimeLimit": [],
            "cancelRestrictions": [],
            "changeRestrictions": [],
            "commission": [],
            "disclosureRefID": [],
            "fareDetail": [
                {
                    "fareComponent": [
                        {
                            "cabinType": {
                                "cabinTypeCode": "ECONOMY",
                                "cabinTypeName": "ECONOMY"
                            },
                            "cancelRestrictions": [],
                            "changeRestrictions": [],
                            "fareBasisCode": "KDQ",
                            "fareRule": [],
                            "paxSegmentRefID": [
                                "SEG7"
                            ],
                            "priceClassRefID": "PC6"
                        }
                    ],
                    "farePriceType": [
                        {
                            "farePriceTypeCode": "GROSS",
                            "price": {
                                "baseAmount": {
                                    "value": "304.52",
                                    "curCode": "IQD"
                                },
                                "curConversion": [],
                                "fee": [],
                                "markup": [],
                                "surcharge": [],
                                "taxSummary": [
                                    {
                                        "tax": [
                                            {
                                                "amount": {
                                                    "value": "92.64",
                                                    "curCode": "ANG"
                                                },
                                                "collectionPointTax": [],
                                                "descText": "JO:DK",
                                                "taxCode": "CDf"
                                            }
                                        ],
                                        "totalTaxAmount": {
                                            "value": "93.22",
                                            "curCode": "MZN"
                                        }
                                    }
                                ],
                                "totalAmount": {
                                    "value": "436.24",
                                    "curCode": "JEP"
                                }
                            }
                        }
                    ],
                    "fareWaiver": [],
                    "paxRefID": [
                        "PAX1",
                        "PAX2"
                    ],
                    "penaltyRefID": []
                }
            ],
            "service": [
                
                
                {
                    "airlineTaxonomy": [],
                    "bookingRef": [
                        {
                            "bookingEntity": {
                                "org": {
                                    "contactInfo": [],
                                    "name": "Group"
                                }
                            },
                            "bookingID": "AYA332"
                        }
                    ],
                    "deliveryStatusCode": "CONFIRMED",
                    "orderServiceAssociation": {
                        "serviceDefinitionRef": {
                            "offerFlightAssociations": {
                                "datedOperatingLegRef": {
                                    "datedOperatingLegRefID": [
                                        "DOL1"
                                    ]
                                }
                            },
                            "serviceDefinitionRefID": "SVD84"
                        }
                    },
                    "paxRefID": "PAX1",
                    "richMedia": [],
                    "serviceID": "SV9",
                    "statusCode": "OK"
                },
                {
                    "airlineTaxonomy": [],
                    "bookingRef": [
                        {
                            "bookingEntity": {
                                "org": {
                                    "contactInfo": [],
                                    "name": "and Sons"
                                }
                            },
                            "bookingID": "Ywx635"
                        }
                    ],
                    "deliveryStatusCode": "CONFIRMED",
                    "orderServiceAssociation": {
                        "serviceDefinitionRef": {
                            "offerFlightAssociations": {
                                "datedOperatingLegRef": {
                                    "datedOperatingLegRefID": [
                                        "DOL4"
                                    ]
                                }
                            },
                            "serviceDefinitionRefID": "SVD84"
                        }
                    },
                    "paxRefID": "PAX2",
                    "richMedia": [],
                    "serviceID": "SV3",
                    "statusCode": "OK"
                }
            ]
        }
    ],
    "ownerCode": "eD",
    "processing": {},
    "distributionChain": {
        "distributionChainLink": [
            {
                "ordinal": 1,
                "orgRole": "SELLER",
                "participatingOrg": {
                    "orgID": 34
                }
            }
        ]
    },
    "ticketDocInfo": [
        {
            "paxRefID": "PAX1",
            "bookingRef": [
                {
                    "bookingID": "BR918690",
                    "bookingRefTypeCodeType": "PNR"
                },
                {
                    "bookingID": "BR086281",
                    "bookingRefTypeCodeType": "ETKT"
                }
            ],
            "ticket": {
                "connectedDocNumber": "0772531938",
                "coupon": [
                    {
                        "couponNumber": "1",
                        "status": "Used",
                        "flightNumber": "om155",
                        "departureDate": "1995-01-20",
                        "departureAirport": "ySo",
                        "arrivalAirport": "WQH"
                    }
                ],
                "ticketDocTypeCode": "ET",
                "ticketNumber": "5238137485",
                "reportingTypeCode": "Airline"
            }
        }
    ],
    "paymentFunctions": [
        {
            "orderAssociation": {
                "OrderItemRefID": "ORDITM89",
                "OrderRefID": "XB309899431"
            },
            "paymentProcessingSummary": {
                "amount": 9199,
                "paymentCommitmentDateTime": "1998-03-25T04:14:54",
                "paymentID": "PAY29",
                "paymentProcessingSummaryPaymentMethod": {
                    "paymentCard": {
                        "cardBrandCode": "Mastercard",
                        "cardHolderName": "Thomas Morgan",
                        "maskedCardID": "372503262977344"
                    }
                },
                "paymentStatusCode": "FAILED"
            }
        }
    ],
    "richMedia": [],
    "totalPrice": {
        "baseAmount": {
            "value": "191.46",
            "curCode": "NIO"
        },
        "curConversion": [],
        "refundMethodText": "",
        "fee": [],
        "markup": [],
        "surcharge": [],
        "taxSummary": [
            {
                "tax": [
                    {
                        "amount": {
                            "value": "23.95",
                            "curCode": "RWF"
                        },
                        "collectionPointTax": [],
                        "descText": "BG:SB",
                        "taxCode": "gNf"
                    }
                ],
                "totalRefundableTaxAmount": "",
                "totalTaxAmount": {
                    "value": "50.76",
                    "curCode": "GNF"
                }
            }
        ],
        "totalAmount": {
            "value": "199.39",
            "curCode": "TJS"
        }
    },
    "promotionList": [
        {
            "ownerName": "",
            "paxRefId": [],
            "promotionId": ""
        }
    ]
}